{
    "Original": 414.22399999646586,
    "Jolt (intersection)": 2315.6274000029953,
    "Jolt (distance)": 4159.867500015935,
    "Nesterov": 4869.10799997986,
    "Nesterov (with acceleration)": 417.82379996675445,
    "Nesterov (Primitives)": 4165.7419000330265,
    "Nesterov (Primitives with acceleration)": 40.91339994829468
}