{
    "Original": 14838.405499949658,
    "Jolt (intersection)": 4601.031999982297,
    "Jolt (distance)": 6888.672699960807,
    "Nesterov": 16222.9054000818,
    "Nesterov (with acceleration)": 12475.536300007661,
    "Nesterov (Primitives)": 5528.1654000737035,
    "Nesterov (Primitives with acceleration)": 1054.7738999321155
}