{"mean":{"confidence_interval":{"confidence_level":0.95,"lower_bound":27515.545561159874,"upper_bound":28484.64085085487},"point_estimate":27984.148802060223,"standard_error":246.41440773896397},"median":{"confidence_interval":{"confidence_level":0.95,"lower_bound":26284.895707472177,"upper_bound":27034.553153153152},"point_estimate":26629.74946954677,"standard_error":188.78114011505107},"median_abs_dev":{"confidence_interval":{"confidence_level":0.95,"lower_bound":499.66726256751963,"upper_bound":1556.029847457817},"point_estimate":939.13626026525,"standard_error":271.90383284440423},"slope":{"confidence_interval":{"confidence_level":0.95,"lower_bound":26486.017124418035,"upper_bound":26935.236523088777},"point_estimate":26683.70466412918,"standard_error":115.2349070464091},"std_dev":{"confidence_interval":{"confidence_level":0.95,"lower_bound":2175.5257698509913,"upper_bound":2700.7517014961973},"point_estimate":2477.2107865216917,"standard_error":133.8854497113426}}