{"mean":{"confidence_interval":{"confidence_level":0.95,"lower_bound":1460.3206160146008,"upper_bound":1465.0914928163693},"point_estimate":1462.5678467638438,"standard_error":1.2217621467680875},"median":{"confidence_interval":{"confidence_level":0.95,"lower_bound":1458.7220169990194,"upper_bound":1461.37447786132},"point_estimate":1460.0948867052057,"standard_error":0.6053093213302156},"median_abs_dev":{"confidence_interval":{"confidence_level":0.95,"lower_bound":4.56809920712247,"upper_bound":9.178604701893438},"point_estimate":7.110706043616233,"standard_error":1.1832066949392208},"slope":{"confidence_interval":{"confidence_level":0.95,"lower_bound":1457.5578180633136,"upper_bound":1460.9034066368295},"point_estimate":1459.141565611976,"standard_error":0.8531148473256465},"std_dev":{"confidence_interval":{"confidence_level":0.95,"lower_bound":8.358048939795587,"upper_bound":15.888930412461471},"point_estimate":12.20059620301952,"standard_error":1.9516642940355964}}