{"mean":{"confidence_interval":{"confidence_level":0.95,"lower_bound":2319.612148717851,"upper_bound":2327.3197513577306},"point_estimate":2323.3791998457737,"standard_error":1.9628545262902928},"median":{"confidence_interval":{"confidence_level":0.95,"lower_bound":2317.1127098321344,"upper_bound":2322.0497479567366},"point_estimate":2319.7779715110946,"standard_error":1.2521291546102185},"median_abs_dev":{"confidence_interval":{"confidence_level":0.95,"lower_bound":9.204220759966763,"upper_bound":15.848224419500514},"point_estimate":12.658542373933146,"standard_error":1.7641189471033571},"slope":{"confidence_interval":{"confidence_level":0.95,"lower_bound":2315.910639078761,"upper_bound":2322.1672380813},"point_estimate":2318.8238330606387,"standard_error":1.5997403532343846},"std_dev":{"confidence_interval":{"confidence_level":0.95,"lower_bound":14.675653638374357,"upper_bound":24.526459172575564},"point_estimate":19.803333785901483,"standard_error":2.5315889041278448}}