{"mean":{"confidence_interval":{"confidence_level":0.95,"lower_bound":15157.97041932342,"upper_bound":15266.51109875712},"point_estimate":15196.371222462849,"standard_error":32.61164721594807},"median":{"confidence_interval":{"confidence_level":0.95,"lower_bound":15145.611793611793,"upper_bound":15153.631990003125},"point_estimate":15150.801881850419,"standard_error":2.286105431805132},"median_abs_dev":{"confidence_interval":{"confidence_level":0.95,"lower_bound":12.067594376181471,"upper_bound":24.334836208194996},"point_estimate":18.127815391415805,"standard_error":3.197593431468273},"slope":{"confidence_interval":{"confidence_level":0.95,"lower_bound":15160.882587861384,"upper_bound":15187.733508485662},"point_estimate":15173.507651302443,"standard_error":6.87455307869142},"std_dev":{"confidence_interval":{"confidence_level":0.95,"lower_bound":32.5134957851477,"upper_bound":557.0068776409435},"point_estimate":326.33177745782905,"standard_error":186.3568575916578}}