{"mean":{"confidence_interval":{"confidence_level":0.95,"lower_bound":1426.2279756446349,"upper_bound":1428.1673022785712},"point_estimate":1427.0928490139675,"standard_error":0.4985854004445262},"median":{"confidence_interval":{"confidence_level":0.95,"lower_bound":1425.7399004495824,"upper_bound":1426.258351080012},"point_estimate":1425.9741469956994,"standard_error":0.12479863526439347},"median_abs_dev":{"confidence_interval":{"confidence_level":0.95,"lower_bound":0.9109664635631053,"upper_bound":1.6396220139574038},"point_estimate":1.2425894385487588,"standard_error":0.19190473796911311},"slope":{"confidence_interval":{"confidence_level":0.95,"lower_bound":1426.189464621192,"upper_bound":1427.741130366225},"point_estimate":1426.8386367538487,"standard_error":0.40044888491048325},"std_dev":{"confidence_interval":{"confidence_level":0.95,"lower_bound":2.275502350499279,"upper_bound":7.447697763131191},"point_estimate":5.016097068842835,"standard_error":1.3681597279659325}}