{"mean":{"confidence_interval":{"confidence_level":0.95,"lower_bound":40310.954131899576,"upper_bound":40813.909379871046},"point_estimate":40531.32841514416,"standard_error":129.56386646961167},"median":{"confidence_interval":{"confidence_level":0.95,"lower_bound":40028.29186440678,"upper_bound":40227.499130434786},"point_estimate":40086.07516666667,"standard_error":52.094798923283534},"median_abs_dev":{"confidence_interval":{"confidence_level":0.95,"lower_bound":148.3464334893974,"upper_bound":410.12775655896314},"point_estimate":232.70522194456112,"standard_error":69.02172707467317},"slope":{"confidence_interval":{"confidence_level":0.95,"lower_bound":40131.12542618356,"upper_bound":40448.38829854074},"point_estimate":40276.813139293634,"standard_error":81.61728518553826},"std_dev":{"confidence_interval":{"confidence_level":0.95,"lower_bound":541.873307193514,"upper_bound":1939.9572436452077},"point_estimate":1306.754364023415,"standard_error":371.7056182660768}}