{
    "Original": 849.0337000466752,
    "Jolt (intersection)": 2565.063000065493,
    "Jolt (distance)": 4506.742200010194,
    "Nesterov": 5157.704199973523,
    "Nesterov (with acceleration)": 817.6262999768369,
    "Nesterov (Primitives)": 4226.379399960933,
    "Nesterov (Primitives with acceleration)": 89.38200007833075
}