{"mean":{"confidence_interval":{"confidence_level":0.95,"lower_bound":2351.7412223769275,"upper_bound":2371.171398006291},"point_estimate":2358.5693386200614,"standard_error":5.865247354519567},"median":{"confidence_interval":{"confidence_level":0.95,"lower_bound":2350.120186203978,"upper_bound":2351.8642532782283},"point_estimate":2351.0395172234303,"standard_error":0.40633975119192267},"median_abs_dev":{"confidence_interval":{"confidence_level":0.95,"lower_bound":1.9662895700276992,"upper_bound":3.382300347234861},"point_estimate":2.620840911325145,"standard_error":0.3542478104352695},"slope":{"confidence_interval":{"confidence_level":0.95,"lower_bound":2351.526613285497,"upper_bound":2354.355481692988},"point_estimate":2352.8025338582393,"standard_error":0.7293793448737638},"std_dev":{"confidence_interval":{"confidence_level":0.95,"lower_bound":4.70160149614235,"upper_bound":101.00467252096101},"point_estimate":59.150329402331415,"standard_error":33.87573469864215}}