{"mean":{"confidence_interval":{"confidence_level":0.95,"lower_bound":943.4190147761168,"upper_bound":947.4301847134749},"point_estimate":945.1307308725133,"standard_error":1.0407293106498268},"median":{"confidence_interval":{"confidence_level":0.95,"lower_bound":941.8995106888433,"upper_bound":942.8500680709769},"point_estimate":942.2595581953801,"standard_error":0.2319844923190311},"median_abs_dev":{"confidence_interval":{"confidence_level":0.95,"lower_bound":1.3493204554822913,"upper_bound":2.6354914235257723},"point_estimate":1.9853425368382855,"standard_error":0.3277601218722511},"slope":{"confidence_interval":{"confidence_level":0.95,"lower_bound":942.3973044688142,"upper_bound":943.8845843983245},"point_estimate":943.0577349045717,"standard_error":0.38205710892101796},"std_dev":{"confidence_interval":{"confidence_level":0.95,"lower_bound":3.972192427175312,"upper_bound":16.338269121159566},"point_estimate":10.505961964834322,"standard_error":3.5154136013759665}}