{"mean":{"confidence_interval":{"confidence_level":0.95,"lower_bound":1091.9367588793998,"upper_bound":1094.048175105708},"point_estimate":1092.9021826881935,"standard_error":0.5409722841766643},"median":{"confidence_interval":{"confidence_level":0.95,"lower_bound":1090.6372856077553,"upper_bound":1091.5364932885907},"point_estimate":1091.0297172026224,"standard_error":0.21617350190068527},"median_abs_dev":{"confidence_interval":{"confidence_level":0.95,"lower_bound":1.0386406716309255,"upper_bound":1.9181234851937417},"point_estimate":1.3263982352341128,"standard_error":0.22637499604013062},"slope":{"confidence_interval":{"confidence_level":0.95,"lower_bound":1091.8715615974625,"upper_bound":1093.9171274200205},"point_estimate":1092.7693906373509,"standard_error":0.5252833203687839},"std_dev":{"confidence_interval":{"confidence_level":0.95,"lower_bound":3.421792943339586,"upper_bound":7.0430903079036575},"point_estimate":5.387418701774483,"standard_error":0.9227231341807975}}