{"mean":{"confidence_interval":{"confidence_level":0.95,"lower_bound":1512.7806329050945,"upper_bound":1519.4037476257597},"point_estimate":1515.7343616032801,"standard_error":1.7074995629912268},"median":{"confidence_interval":{"confidence_level":0.95,"lower_bound":1511.1749164229204,"upper_bound":1513.4128107559613},"point_estimate":1511.7141921284551,"standard_error":0.6120715527850676},"median_abs_dev":{"confidence_interval":{"confidence_level":0.95,"lower_bound":3.4125829908191365,"upper_bound":5.3538187484021025},"point_estimate":4.3805335274200266,"standard_error":0.5008143000148619},"slope":{"confidence_interval":{"confidence_level":0.95,"lower_bound":1511.6180453508646,"upper_bound":1516.0810132533175},"point_estimate":1513.517727034613,"standard_error":1.1505424057328744},"std_dev":{"confidence_interval":{"confidence_level":0.95,"lower_bound":8.082231493060215,"upper_bound":24.21498618914797},"point_estimate":17.094612528587657,"standard_error":4.161316663402239}}