{"mean":{"confidence_interval":{"confidence_level":0.95,"lower_bound":5428.176628755664,"upper_bound":5457.683928632627},"point_estimate":5440.922034469187,"standard_error":7.6042956121840035},"median":{"confidence_interval":{"confidence_level":0.95,"lower_bound":5420.547370740305,"upper_bound":5432.892576424676},"point_estimate":5426.240021978586,"standard_error":3.214550887593371},"median_abs_dev":{"confidence_interval":{"confidence_level":0.95,"lower_bound":19.061881015380163,"upper_bound":36.60735367287915},"point_estimate":26.450804778850987,"standard_error":4.420770955209768},"slope":{"confidence_interval":{"confidence_level":0.95,"lower_bound":5422.91566010723,"upper_bound":5437.801982855789},"point_estimate":5429.986351668263,"standard_error":3.8052011978845224},"std_dev":{"confidence_interval":{"confidence_level":0.95,"lower_bound":35.727774923708814,"upper_bound":117.35166874117269},"point_estimate":76.73270874362332,"standard_error":24.394875826815017}}