{"mean":{"confidence_interval":{"confidence_level":0.95,"lower_bound":3570.7963539710354,"upper_bound":3601.219483753855},"point_estimate":3582.3439468613665,"standard_error":8.21318325579532},"median":{"confidence_interval":{"confidence_level":0.95,"lower_bound":3567.612198365951,"upper_bound":3569.73249309153},"point_estimate":3568.6694138764797,"standard_error":0.6296829870223862},"median_abs_dev":{"confidence_interval":{"confidence_level":0.95,"lower_bound":2.4192440576721435,"upper_bound":4.55705042307269},"point_estimate":3.4726882268869734,"standard_error":0.5599353336872781},"slope":{"confidence_interval":{"confidence_level":0.95,"lower_bound":3569.7893470760046,"upper_bound":3579.0784379331576},"point_estimate":3573.575160737045,"standard_error":2.406121127016211},"std_dev":{"confidence_interval":{"confidence_level":0.95,"lower_bound":12.066977099927085,"upper_bound":136.82650493278814},"point_estimate":82.15517719820166,"standard_error":38.78353812991364}}