{"mean":{"confidence_interval":{"confidence_level":0.95,"lower_bound":501.90198180494014,"upper_bound":505.3642668987057},"point_estimate":503.1822033141488,"standard_error":0.9539818581165799},"median":{"confidence_interval":{"confidence_level":0.95,"lower_bound":501.3655094083448,"upper_bound":501.8583306113965},"point_estimate":501.6903903152387,"standard_error":0.13026022410480032},"median_abs_dev":{"confidence_interval":{"confidence_level":0.95,"lower_bound":0.6114758195328264,"upper_bound":1.1758882725674216},"point_estimate":0.98894391940548,"standard_error":0.15031480732950486},"slope":{"confidence_interval":{"confidence_level":0.95,"lower_bound":501.9163475327849,"upper_bound":503.90237768305917},"point_estimate":502.6686634390684,"standard_error":0.5369863454636594},"std_dev":{"confidence_interval":{"confidence_level":0.95,"lower_bound":1.2559574417076242,"upper_bound":16.009568595167423},"point_estimate":9.528037968809253,"standard_error":4.760993668600125}}