{
    "Original": 7228.252399954727,
    "Jolt (intersection)": 3235.24270006601,
    "Jolt (distance)": 5769.888400027412,
    "Nesterov": 8845.46480001518,
    "Nesterov (with acceleration)": 7298.163399946134,
    "Nesterov (Primitives)": 4468.700600091324,
    "Nesterov (Primitives with acceleration)": 680.917499903444
}