{"mean":{"confidence_interval":{"confidence_level":0.95,"lower_bound":582.7763792155638,"upper_bound":613.5379547221202},"point_estimate":596.5225595421307,"standard_error":7.851229337669882},"median":{"confidence_interval":{"confidence_level":0.95,"lower_bound":565.3914051547504,"upper_bound":568.0799383213475},"point_estimate":566.7840111982168,"standard_error":0.7116292904790904},"median_abs_dev":{"confidence_interval":{"confidence_level":0.95,"lower_bound":2.654120635138668,"upper_bound":6.265002261222865},"point_estimate":4.536480622139642,"standard_error":0.964702487871842},"slope":{"confidence_interval":{"confidence_level":0.95,"lower_bound":567.0518616600502,"upper_bound":576.2124687147654},"point_estimate":570.8359406028243,"standard_error":2.3933093287609046},"std_dev":{"confidence_interval":{"confidence_level":0.95,"lower_bound":45.01485812185102,"upper_bound":113.26881555163324},"point_estimate":79.0146366233465,"standard_error":18.937615930528544}}