{"mean":{"confidence_interval":{"confidence_level":0.95,"lower_bound":17937.881680636234,"upper_bound":18124.232820300687},"point_estimate":18015.60962892655,"standard_error":48.540789358856294},"median":{"confidence_interval":{"confidence_level":0.95,"lower_bound":17895.577160493827,"upper_bound":17923.717100078804},"point_estimate":17908.342917750524,"standard_error":6.348088607080987},"median_abs_dev":{"confidence_interval":{"confidence_level":0.95,"lower_bound":35.78765308881984,"upper_bound":74.30755526066787},"point_estimate":50.91059836516013,"standard_error":9.879982615464524},"slope":{"confidence_interval":{"confidence_level":0.95,"lower_bound":17928.16176830134,"upper_bound":18028.51429748424},"point_estimate":17972.874905998062,"standard_error":25.78091221670394},"std_dev":{"confidence_interval":{"confidence_level":0.95,"lower_bound":189.72298120958266,"upper_bound":766.6683962263158},"point_estimate":486.5402405380668,"standard_error":177.53695231672933}}