{"mean":{"confidence_interval":{"confidence_level":0.95,"lower_bound":2148.76863469509,"upper_bound":2169.924528502522},"point_estimate":2156.2484787758194,"standard_error":6.295919997603843},"median":{"confidence_interval":{"confidence_level":0.95,"lower_bound":2146.7982456140353,"upper_bound":2150.1709408734723},"point_estimate":2148.0323959129105,"standard_error":0.7917989037802985},"median_abs_dev":{"confidence_interval":{"confidence_level":0.95,"lower_bound":3.8778329559733193,"upper_bound":6.18415650477216},"point_estimate":4.723914200899487,"standard_error":0.5689512488289231},"slope":{"confidence_interval":{"confidence_level":0.95,"lower_bound":2148.567238368617,"upper_bound":2151.801615339856},"point_estimate":2150.0622963362434,"standard_error":0.8274744635618116},"std_dev":{"confidence_interval":{"confidence_level":0.95,"lower_bound":5.902556399848995,"upper_bound":108.13199948387886},"point_estimate":63.39181612505898,"standard_error":35.841873273618766}}