{"mean":{"confidence_interval":{"confidence_level":0.95,"lower_bound":4726.099978837704,"upper_bound":4838.177589000138},"point_estimate":4778.982267619818,"standard_error":29.01226143681358},"median":{"confidence_interval":{"confidence_level":0.95,"lower_bound":4657.294962812712,"upper_bound":4682.317858339917},"point_estimate":4668.961405924072,"standard_error":7.126390053125548},"median_abs_dev":{"confidence_interval":{"confidence_level":0.95,"lower_bound":37.206771094898045,"upper_bound":74.41354218979609},"point_estimate":50.159547805360155,"standard_error":9.647938804997779},"slope":{"confidence_interval":{"confidence_level":0.95,"lower_bound":4737.103654175611,"upper_bound":4874.750557394121},"point_estimate":4801.290953575164,"standard_error":35.16638515940709},"std_dev":{"confidence_interval":{"confidence_level":0.95,"lower_bound":208.297008875332,"upper_bound":352.97986950370944},"point_estimate":290.2113171844254,"standard_error":37.17132356472222}}