{"mean":{"confidence_interval":{"confidence_level":0.95,"lower_bound":15971.78977559734,"upper_bound":16106.702281615426},"point_estimate":16028.576791777294,"standard_error":34.94958634637118},"median":{"confidence_interval":{"confidence_level":0.95,"lower_bound":15945.146429865894,"upper_bound":15956.395929339478},"point_estimate":15950.667798847235,"standard_error":2.8857706974876143},"median_abs_dev":{"confidence_interval":{"confidence_level":0.95,"lower_bound":16.664757035519735,"upper_bound":39.0269059567589},"point_estimate":28.67885922639027,"standard_error":5.746505578762682},"slope":{"confidence_interval":{"confidence_level":0.95,"lower_bound":15968.009783634028,"upper_bound":16119.8626840107},"point_estimate":16036.548054648507,"standard_error":38.64408101789109},"std_dev":{"confidence_interval":{"confidence_level":0.95,"lower_bound":120.44639487973834,"upper_bound":548.881449518524},"point_estimate":351.02618899887756,"standard_error":119.70515216754951}}