{"mean":{"confidence_interval":{"confidence_level":0.95,"lower_bound":6572.144395345425,"upper_bound":6618.924215178077},"point_estimate":6593.103596636597,"standard_error":12.00532393175407},"median":{"confidence_interval":{"confidence_level":0.95,"lower_bound":6549.533476548514,"upper_bound":6560.7880082265465},"point_estimate":6555.57181013431,"standard_error":2.620906410260687},"median_abs_dev":{"confidence_interval":{"confidence_level":0.95,"lower_bound":16.9331728895303,"upper_bound":33.52019030878115},"point_estimate":23.53177061350497,"standard_error":4.252411085124062},"slope":{"confidence_interval":{"confidence_level":0.95,"lower_bound":6556.707227730807,"upper_bound":6582.907168548511},"point_estimate":6568.339896657348,"standard_error":6.713956105782047},"std_dev":{"confidence_interval":{"confidence_level":0.95,"lower_bound":62.542968975665346,"upper_bound":172.160597420394},"point_estimate":120.50429558952844,"standard_error":28.80178096749503}}