{"mean":{"confidence_interval":{"confidence_level":0.95,"lower_bound":932.7407693283293,"upper_bound":943.2453673766141},"point_estimate":937.0359291914767,"standard_error":2.7576066363125107},"median":{"confidence_interval":{"confidence_level":0.95,"lower_bound":930.7994816337571,"upper_bound":931.5462925931851},"point_estimate":931.0191622701713,"standard_error":0.2058573289016553},"median_abs_dev":{"confidence_interval":{"confidence_level":0.95,"lower_bound":1.2598354651680579,"upper_bound":2.2078670480518183},"point_estimate":1.6706664473109312,"standard_error":0.2403505746410679},"slope":{"confidence_interval":{"confidence_level":0.95,"lower_bound":932.4185956581498,"upper_bound":937.9491720681373},"point_estimate":934.7348769598372,"standard_error":1.4258484786714831},"std_dev":{"confidence_interval":{"confidence_level":0.95,"lower_bound":6.199264168384853,"upper_bound":44.67330902581828},"point_estimate":27.75051721422585,"standard_error":10.871921250013242}}