{
    "Original": 475.1919998852827,
    "Jolt (intersection)": 2303.2321000300726,
    "Jolt (distance)": 4021.9751000222464,
    "Nesterov": 5549.192700073036,
    "Nesterov (with acceleration)": 401.06649998961075,
    "Nesterov (Primitives)": 3933.703399980004,
    "Nesterov (Primitives with acceleration)": 59.63079993307474
}