{
    "Original": 808.1554000000324,
    "Jolt (intersection)": 2612.516899989714,
    "Jolt (distance)": 4402.0086999353225,
    "Nesterov": 5458.9767999004835,
    "Nesterov (with acceleration)": 666.3564000064071,
    "Nesterov (Primitives)": 4641.084899958514,
    "Nesterov (Primitives with acceleration)": 78.98780008872563
}