{"mean":{"confidence_interval":{"confidence_level":0.95,"lower_bound":2440.741566135882,"upper_bound":2479.021972941986},"point_estimate":2457.948555457902,"standard_error":9.79997596206758},"median":{"confidence_interval":{"confidence_level":0.95,"lower_bound":2427.5787596102864,"upper_bound":2431.006785714286},"point_estimate":2429.638345716783,"standard_error":0.8969274895725685},"median_abs_dev":{"confidence_interval":{"confidence_level":0.95,"lower_bound":6.637017831264358,"upper_bound":11.66831490331554},"point_estimate":8.851631954594433,"standard_error":1.2126801303630446},"slope":{"confidence_interval":{"confidence_level":0.95,"lower_bound":2428.1507373926393,"upper_bound":2433.3272562604207},"point_estimate":2430.462009760603,"standard_error":1.3248400915884375},"std_dev":{"confidence_interval":{"confidence_level":0.95,"lower_bound":52.104522517667014,"upper_bound":134.90638866799787},"point_estimate":98.81042648905371,"standard_error":21.15244673184301}}