{"mean":{"confidence_interval":{"confidence_level":0.95,"lower_bound":88.86762799644582,"upper_bound":90.29726989919205},"point_estimate":89.5607357372061,"standard_error":0.3637584510200632},"median":{"confidence_interval":{"confidence_level":0.95,"lower_bound":86.92439487190259,"upper_bound":89.80627848845758},"point_estimate":87.39118118303286,"standard_error":0.7401510511178974},"median_abs_dev":{"confidence_interval":{"confidence_level":0.95,"lower_bound":0.6031573648061972,"upper_bound":4.438786228312004},"point_estimate":1.3035439914162685,"standard_error":0.9986997716671234},"slope":{"confidence_interval":{"confidence_level":0.95,"lower_bound":89.71449701184493,"upper_bound":91.45169556993883},"point_estimate":90.6013509388598,"standard_error":0.4439566447893481},"std_dev":{"confidence_interval":{"confidence_level":0.95,"lower_bound":2.9104197850553652,"upper_bound":4.3870385171686115},"point_estimate":3.65803693278328,"standard_error":0.38036671218822793}}