{
    "Original": 859.2223999983162,
    "Jolt (intersection)": 4334.931000002484,
    "Jolt (distance)": 7157.740200003104,
    "Nesterov": 8902.496100003533,
    "Nesterov (with acceleration)": 773.4583000001294,
    "Nesterov (Primitives)": 7584.791200002883,
    "Nesterov (Primitives with acceleration)": 103.68449999873519
}