{"mean":{"confidence_interval":{"confidence_level":0.95,"lower_bound":16294.611264316722,"upper_bound":16398.285320774237},"point_estimate":16333.197903444136,"standard_error":28.319797494851755},"median":{"confidence_interval":{"confidence_level":0.95,"lower_bound":16281.346405228758,"upper_bound":16289.681002431003},"point_estimate":16284.447928868518,"standard_error":2.485935635393918},"median_abs_dev":{"confidence_interval":{"confidence_level":0.95,"lower_bound":12.085755648768652,"upper_bound":22.909582741115923},"point_estimate":16.609570229956734,"standard_error":2.6333672425292067},"slope":{"confidence_interval":{"confidence_level":0.95,"lower_bound":16288.76810930274,"upper_bound":16303.347143080302},"point_estimate":16295.49687568757,"standard_error":3.730110818745061},"std_dev":{"confidence_interval":{"confidence_level":0.95,"lower_bound":36.02957417179466,"upper_bound":475.8836915216556},"point_estimate":283.78835591587,"standard_error":140.22884357360385}}