{"mean":{"confidence_interval":{"confidence_level":0.95,"lower_bound":665.5893994600937,"upper_bound":670.6174817941915},"point_estimate":667.6870734912889,"standard_error":1.2980708766073297},"median":{"confidence_interval":{"confidence_level":0.95,"lower_bound":664.7849695328368,"upper_bound":665.262427395503},"point_estimate":664.9535610847815,"standard_error":0.13333678331172338},"median_abs_dev":{"confidence_interval":{"confidence_level":0.95,"lower_bound":0.6686169042371602,"upper_bound":1.2877380403985337},"point_estimate":0.9431747624804855,"standard_error":0.16605673929514222},"slope":{"confidence_interval":{"confidence_level":0.95,"lower_bound":665.4584502776784,"upper_bound":672.6710945415035},"point_estimate":668.4831711162709,"standard_error":1.913417608482189},"std_dev":{"confidence_interval":{"confidence_level":0.95,"lower_bound":2.2312127625990383,"upper_bound":20.83926535225014},"point_estimate":13.080806279811592,"standard_error":4.754647735066613}}