{"mean":{"confidence_interval":{"confidence_level":0.95,"lower_bound":79.68993241942502,"upper_bound":80.50316945816137},"point_estimate":80.06810900152175,"standard_error":0.2091085369895802},"median":{"confidence_interval":{"confidence_level":0.95,"lower_bound":79.16355734406439,"upper_bound":79.57621809287095},"point_estimate":79.39218006451406,"standard_error":0.09378616468150126},"median_abs_dev":{"confidence_interval":{"confidence_level":0.95,"lower_bound":0.40851667990432516,"upper_bound":0.7602309432436462},"point_estimate":0.5779062162578429,"standard_error":0.08726138972262276},"slope":{"confidence_interval":{"confidence_level":0.95,"lower_bound":79.52795377165282,"upper_bound":80.58505848750691},"point_estimate":80.00849639691258,"standard_error":0.27040421238545026},"std_dev":{"confidence_interval":{"confidence_level":0.95,"lower_bound":1.343511914115406,"upper_bound":2.8277623691418365},"point_estimate":2.1185444761024486,"standard_error":0.3854089384182665}}