{
    "Original": 5869.69399996633,
    "Jolt (intersection)": 3087.890100050572,
    "Jolt (distance)": 4989.520800063474,
    "Nesterov": 7891.481599972393,
    "Nesterov (with acceleration)": 6916.420199877393,
    "Nesterov (Primitives)": 4376.731199999995,
    "Nesterov (Primitives with acceleration)": 600.8593999467848
}