{"mean":{"confidence_interval":{"confidence_level":0.95,"lower_bound":52625.72882750737,"upper_bound":53049.68026631541},"point_estimate":52788.54480936298,"standard_error":113.18978545480985},"median":{"confidence_interval":{"confidence_level":0.95,"lower_bound":52529.10991287134,"upper_bound":52567.64359051037},"point_estimate":52545.84416118421,"standard_error":10.92615673789327},"median_abs_dev":{"confidence_interval":{"confidence_level":0.95,"lower_bound":41.17534443887695,"upper_bound":92.44881910314484},"point_estimate":60.66523001398859,"standard_error":14.668531924508189},"slope":{"confidence_interval":{"confidence_level":0.95,"lower_bound":52594.09302973951,"upper_bound":52839.91534638264},"point_estimate":52698.590357073415,"standard_error":63.585207074713864},"std_dev":{"confidence_interval":{"confidence_level":0.95,"lower_bound":224.9386189943705,"upper_bound":1883.6111147081633},"point_estimate":1136.3144740187124,"standard_error":520.5214175420648}}