{"mean":{"confidence_interval":{"confidence_level":0.95,"lower_bound":1141.5945908874662,"upper_bound":1171.3519199838897},"point_estimate":1154.058772945951,"standard_error":7.7050347127533145},"median":{"confidence_interval":{"confidence_level":0.95,"lower_bound":1135.605929136496,"upper_bound":1137.0225068273849},"point_estimate":1135.9952676406465,"standard_error":0.36460452654257536},"median_abs_dev":{"confidence_interval":{"confidence_level":0.95,"lower_bound":1.42598336135934,"upper_bound":3.320641649654441},"point_estimate":1.9693103835229686,"standard_error":0.49076942736027646},"slope":{"confidence_interval":{"confidence_level":0.95,"lower_bound":1142.5186115823528,"upper_bound":1156.4822289524432},"point_estimate":1149.2650755811449,"standard_error":3.586913810744102},"std_dev":{"confidence_interval":{"confidence_level":0.95,"lower_bound":16.44347641816032,"upper_bound":121.28979692911989},"point_estimate":77.73836909232328,"standard_error":27.6042254174377}}