{
    "Original": 1388.5897999898589,
    "Jolt (intersection)": 2332.8628999934153,
    "Jolt (distance)": 4201.10569989447,
    "Nesterov": 5194.74360003187,
    "Nesterov (with acceleration)": 1318.736400025955,
    "Nesterov (Primitives)": 3951.7357999557134,
    "Nesterov (Primitives with acceleration)": 111.40619994876033
}