{
    "Original": 1052.2830000127215,
    "Jolt (intersection)": 2892.544300038935,
    "Jolt (distance)": 4792.442300026778,
    "Nesterov": 6083.074899993335,
    "Nesterov (with acceleration)": 655.2168000098391,
    "Nesterov (Primitives)": 5911.565399992469,
    "Nesterov (Primitives with acceleration)": 94.30070001599233
}