{
    "Original": 1880.7691000233717,
    "Jolt (intersection)": 4418.084899975838,
    "Jolt (distance)": 7292.697299999418,
    "Nesterov": 9551.862599994365,
    "Nesterov (with acceleration)": 1459.574200021052,
    "Nesterov (Primitives)": 7646.6262000053575,
    "Nesterov (Primitives with acceleration)": 168.5078000264184
}