{"mean":{"confidence_interval":{"confidence_level":0.95,"lower_bound":15710.850717877256,"upper_bound":15793.230723631174},"point_estimate":15742.635499886377,"standard_error":21.761930191875802},"median":{"confidence_interval":{"confidence_level":0.95,"lower_bound":15697.540674603175,"upper_bound":15704.180648926238},"point_estimate":15699.740843812273,"standard_error":1.9172599701798894},"median_abs_dev":{"confidence_interval":{"confidence_level":0.95,"lower_bound":12.148267869080355,"upper_bound":21.71495710654609},"point_estimate":16.35813331878033,"standard_error":2.4479997140945775},"slope":{"confidence_interval":{"confidence_level":0.95,"lower_bound":15706.382206535396,"upper_bound":15736.208564112863},"point_estimate":15718.453244573924,"standard_error":7.790094663302745},"std_dev":{"confidence_interval":{"confidence_level":0.95,"lower_bound":45.01235044662117,"upper_bound":360.20063418050665},"point_estimate":218.19145408570012,"standard_error":97.05093782283099}}