{"mean":{"confidence_interval":{"confidence_level":0.95,"lower_bound":659.9461122489453,"upper_bound":665.4986991723991},"point_estimate":662.4840366634309,"standard_error":1.428132598707482},"median":{"confidence_interval":{"confidence_level":0.95,"lower_bound":657.7156841065259,"upper_bound":658.3628697080998},"point_estimate":658.0678052837277,"standard_error":0.18419741716779997},"median_abs_dev":{"confidence_interval":{"confidence_level":0.95,"lower_bound":0.9696461438726629,"upper_bound":1.9851145779436892},"point_estimate":1.431689708294304,"standard_error":0.26735074415558835},"slope":{"confidence_interval":{"confidence_level":0.95,"lower_bound":657.9829471635808,"upper_bound":663.9508325259112},"point_estimate":660.4509685345163,"standard_error":1.594343817163673},"std_dev":{"confidence_interval":{"confidence_level":0.95,"lower_bound":8.471293767990483,"upper_bound":19.768718367520478},"point_estimate":14.409464462432032,"standard_error":2.8932154381839816}}