{"mean":{"confidence_interval":{"confidence_level":0.95,"lower_bound":17464.68503935088,"upper_bound":18540.819604257984},"point_estimate":18000.964918603422,"standard_error":275.678153292855},"median":{"confidence_interval":{"confidence_level":0.95,"lower_bound":16565.794599807137,"upper_bound":19077.452595628416},"point_estimate":17979.21007351028,"standard_error":591.2350926995832},"median_abs_dev":{"confidence_interval":{"confidence_level":0.95,"lower_bound":2934.3708710982246,"upper_bound":4322.832851848251},"point_estimate":3942.8274173393684,"standard_error":357.7881098613791},"slope":{"confidence_interval":{"confidence_level":0.95,"lower_bound":15632.210972354293,"upper_bound":16483.80811219281},"point_estimate":16011.456751835693,"standard_error":217.8269003900173},"std_dev":{"confidence_interval":{"confidence_level":0.95,"lower_bound":2517.845162441925,"upper_bound":2995.7677869456256},"point_estimate":2773.239333194618,"standard_error":121.13235217300357}}