{"mean":{"confidence_interval":{"confidence_level":0.95,"lower_bound":25965.22794386254,"upper_bound":26037.687511449396},"point_estimate":25999.628498687187,"standard_error":18.52929528141027},"median":{"confidence_interval":{"confidence_level":0.95,"lower_bound":25902.018196856905,"upper_bound":26057.733333333334},"point_estimate":25975.2477853905,"standard_error":43.12948288624184},"median_abs_dev":{"confidence_interval":{"confidence_level":0.95,"lower_bound":120.65959091689352,"upper_bound":215.458628129844},"point_estimate":189.6201466216655,"standard_error":23.170651099387168},"slope":{"confidence_interval":{"confidence_level":0.95,"lower_bound":25923.587397790394,"upper_bound":25986.429758077655},"point_estimate":25953.45069822252,"standard_error":16.060608061729177},"std_dev":{"confidence_interval":{"confidence_level":0.95,"lower_bound":133.29227240321416,"upper_bound":249.35203080499997},"point_estimate":186.3879004827233,"standard_error":33.47207233974558}}