{"mean":{"confidence_interval":{"confidence_level":0.95,"lower_bound":486.925330541856,"upper_bound":492.3468327497955},"point_estimate":488.94234445117604,"standard_error":1.4579759963308228},"median":{"confidence_interval":{"confidence_level":0.95,"lower_bound":486.5867804144591,"upper_bound":486.803344540519},"point_estimate":486.68581147872135,"standard_error":0.06068648525833994},"median_abs_dev":{"confidence_interval":{"confidence_level":0.95,"lower_bound":0.3849187164386255,"upper_bound":0.6503292988595467},"point_estimate":0.4805880204363783,"standard_error":0.07028467741449586},"slope":{"confidence_interval":{"confidence_level":0.95,"lower_bound":486.81425218534406,"upper_bound":488.04991873011835},"point_estimate":487.3120067897303,"standard_error":0.31997526541968446},"std_dev":{"confidence_interval":{"confidence_level":0.95,"lower_bound":1.1195948170763426,"upper_bound":24.41789609520937},"point_estimate":14.637571610399673,"standard_error":7.040612719255798}}