{"mean":{"confidence_interval":{"confidence_level":0.95,"lower_bound":3773.599234057136,"upper_bound":3800.6809122066006},"point_estimate":3785.4590051212076,"standard_error":7.012501463469759},"median":{"confidence_interval":{"confidence_level":0.95,"lower_bound":3767.7440425076575,"upper_bound":3774.0386877828055},"point_estimate":3770.6678215303214,"standard_error":1.52425142030192},"median_abs_dev":{"confidence_interval":{"confidence_level":0.95,"lower_bound":9.060103208747703,"upper_bound":16.343124908639318},"point_estimate":12.048555055325853,"standard_error":1.8977710842530724},"slope":{"confidence_interval":{"confidence_level":0.95,"lower_bound":3768.301088862251,"upper_bound":3792.2334019301165},"point_estimate":3778.4232272567097,"standard_error":6.217366719012888},"std_dev":{"confidence_interval":{"confidence_level":0.95,"lower_bound":21.884735101761102,"upper_bound":102.73522800857887},"point_estimate":70.2095902570206,"standard_error":19.870132806269417}}