{
    "Original": 5043.3913999768265,
    "Jolt (intersection)": 3324.8605999233405,
    "Jolt (distance)": 5405.0258999723155,
    "Nesterov": 8515.459400041436,
    "Nesterov (with acceleration)": 7013.212099991506,
    "Nesterov (Primitives)": 5265.1154000159295,
    "Nesterov (Primitives with acceleration)": 514.7080000824644
}