{
    "Original": 1395.4966999335738,
    "Jolt (intersection)": 5994.482800042533,
    "Jolt (distance)": 11352.323999972214,
    "Nesterov": 26530.989200000477,
    "Nesterov (with acceleration)": 2632.9423999868595,
    "Nesterov (Primitives)": 9374.169899911067,
    "Nesterov (Primitives with acceleration)": 95.14750004200323
}