{"mean":{"confidence_interval":{"confidence_level":0.95,"lower_bound":272.1414832311465,"upper_bound":276.82463055566444},"point_estimate":274.3241751257048,"standard_error":1.1978810913565123},"median":{"confidence_interval":{"confidence_level":0.95,"lower_bound":266.63030370793115,"upper_bound":271.2680598284927},"point_estimate":267.10529162287025,"standard_error":1.3261646508213694},"median_abs_dev":{"confidence_interval":{"confidence_level":0.95,"lower_bound":0.9325119925235711,"upper_bound":7.6654148042166295},"point_estimate":1.7307886667761063,"standard_error":1.876631792038036},"slope":{"confidence_interval":{"confidence_level":0.95,"lower_bound":268.80628405882436,"upper_bound":271.8965715485155},"point_estimate":270.181498525439,"standard_error":0.7950260116996332},"std_dev":{"confidence_interval":{"confidence_level":0.95,"lower_bound":8.354935977632376,"upper_bound":16.557241253700433},"point_estimate":12.058959562337652,"standard_error":2.512141191970617}}